split,condition_id,query_text,status,available_positive,available_negative,unknown,positive_target,negative_target,positive_pairs,negative_pairs,hard_negative_pairs,random_negative_pairs
test,CA01,画面左に赤い車がいる画像,targets_met,48,402,550,10,10,10,10,5,5
test,CA02,画面右に白い車がいる画像,targets_met,131,451,418,10,10,10,10,5,5
test,CA03,画面左に白いバスがいる画像,targets_met,24,836,140,10,10,10,10,5,5
test,CA04,画面右に赤いバスがいる画像,no_positive,0,866,134,10,10,0,0,0,0
test,CA05,画面中央に青いトラックがいる画像,below_target,7,779,214,10,10,7,10,5,5
test,CA06,画面右に白いトラックがいる画像,targets_met,37,790,173,10,10,10,10,5,5
test,CA07,画面左に黒いバンがいる画像,below_target,7,839,154,10,10,7,10,5,5
test,CA08,画面中央に白いバンがいる画像,targets_met,81,758,161,10,10,10,10,5,5
test,CA09,画面右に赤い自転車がいる画像,no_positive,0,824,176,10,10,0,0,0,0
test,CA10,画面左に青い自転車がいる画像,below_target,4,835,161,10,10,4,10,5,5
test,CA11,画面右に黒いバイクがいる画像,below_target,3,855,142,10,10,3,10,5,5
test,CA12,画面左に白いバイクがいる画像,no_positive,0,860,140,10,10,0,0,0,0
test,CA13,自車と同じ車線に、こちらに正面を向けた自転車がいる画像,no_positive,0,851,149,10,10,0,0,0,0
test,CA14,自車と同じ車線に後ろ姿が見える車がいる画像,targets_met,494,245,261,10,10,10,10,5,5
test,CA15,画面右の歩道上に歩行者がいる画像,targets_met,122,720,158,10,10,10,10,5,5
test,CA16,画面左の横断歩道上に歩行者がいる画像,targets_met,27,786,187,10,10,10,10,5,5
test,CB01,赤い車と白いバスがいる画像,targets_met,10,778,212,10,10,10,10,5,5
test,CB02,白い車と赤いバスがいる画像,below_target,2,820,178,10,10,2,10,5,5
test,CB03,黒い車と白いトラックがいる画像,targets_met,65,647,288,10,10,10,10,5,5
test,CB04,白い車と黒いトラックがいる画像,targets_met,13,724,263,10,10,10,10,5,5
test,CB05,青いバンと赤い車がいる画像,below_target,1,814,185,10,10,1,10,5,5
test,CB06,赤いバンと青い車がいる画像,no_positive,0,809,191,10,10,0,0,0,0
test,CB07,白いバスと青いトラックがいる画像,below_target,3,848,149,10,10,3,10,5,5
test,CB08,青いバスと白いトラックがいる画像,no_positive,0,859,141,10,10,0,0,0,0
test,CB09,赤い自転車と黒いバイクがいる画像,no_positive,0,856,144,10,10,0,0,0,0
test,CB10,黒い自転車と赤いバイクがいる画像,no_positive,0,855,145,10,10,0,0,0,0
test,CB11,青い自転車と白い車がいる画像,below_target,8,772,220,10,10,8,10,5,5
test,CB12,白い自転車と青い車がいる画像,no_positive,0,798,202,10,10,0,0,0,0
test,CB13,画面左の歩行者と画面右の自転車がいる画像,below_target,8,855,137,10,10,8,10,5,5
test,CB14,画面右の歩行者と画面左の自転車がいる画像,targets_met,14,850,136,10,10,10,10,5,5
test,CB15,画面左のバスと画面右のバイクがいる画像,no_positive,0,878,122,10,10,0,0,0,0
test,CB16,画面右のバスと画面左のバイクがいる画像,no_positive,0,876,124,10,10,0,0,0,0
test,CB17,画面中央の車と画面右のトラックがいる画像,targets_met,77,792,131,10,10,10,10,5,5
test,CB18,画面右の車と画面中央のトラックがいる画像,targets_met,75,788,137,10,10,10,10,5,5
test,CB19,画面左のバンと画面中央の歩行者がいる画像,targets_met,14,849,137,10,10,10,10,5,5
test,CB20,画面中央のバンと画面左の歩行者がいる画像,targets_met,26,833,141,10,10,10,10,5,5
test,CB21,画面左の車と画面右のバスがいる画像,targets_met,25,859,116,10,10,10,10,5,5
test,CB22,画面右の車と画面左のバスがいる画像,targets_met,16,871,113,10,10,10,10,5,5
test,CB23,画面中央の自転車と画面左のバイクがいる画像,no_positive,0,866,134,10,10,0,0,0,0
test,CB24,画面左の自転車と画面中央のバイクがいる画像,below_target,2,863,135,10,10,2,10,5,5
test,CE01,夜の横断歩道上に歩行者がいる画像,targets_met,14,880,106,10,10,10,10,5,5
test,CE02,昼の横断歩道上に歩行者がいる画像,targets_met,53,878,69,10,10,10,10,5,5
test,CE03,薄明の歩道上に歩行者がいる画像,targets_met,10,983,7,10,10,10,10,5,5
test,CE04,夜に自転車がいる画像,targets_met,21,876,103,10,10,10,10,5,5
test,CE05,夜にバイクがいる画像,targets_met,15,880,105,10,10,10,10,5,5
test,CE06,霧の中に歩行者がいる画像,below_target,1,919,80,10,10,1,10,5,5
test,CE07,霧の中に車がいる画像,below_target,8,909,83,10,10,8,10,5,5
test,CE08,道路の工事区間と自転車が見える画像,below_target,6,963,31,10,10,6,10,5,5
test,CE09,道路の工事区間と歩行者が見える画像,targets_met,29,941,30,10,10,10,10,5,5
test,CE10,路面に雪があり車がいる画像,targets_met,84,906,10,10,10,10,10,2,8
test,CE11,路面に雪があり歩行者がいる画像,targets_met,33,954,13,10,10,10,10,5,5
test,CE12,路面が濡れていて自転車がいる画像,targets_met,12,930,58,10,10,10,10,5,5
test,CE13,路面が濡れていてバイクがいる画像,below_target,4,938,58,10,10,4,10,5,5
test,CE14,雨が降る道路にバスがいる画像,below_target,8,956,36,10,10,8,10,5,5
test,CE15,雨が降る道路の歩道上に歩行者がいる画像,below_target,6,959,35,10,10,6,10,5,5
test,CE16,雪が降る道路にトラックがいる画像,below_target,1,978,21,10,10,1,10,5,5
test,CE17,トンネル内に車がいる画像,targets_met,22,972,6,10,10,10,10,5,5
test,CE18,橋の上にトラックがいる画像,targets_met,48,838,114,10,10,10,10,5,5
test,CE19,交差点とバイクが見える画像,targets_met,35,846,119,10,10,10,10,5,5
test,CE20,赤信号と車が見える画像,targets_met,193,748,59,10,10,10,10,5,5
test,CE21,青信号と自転車が見える画像,targets_met,37,876,87,10,10,10,10,5,5
test,CE22,黄信号とバンが見える画像,below_target,2,958,40,10,10,2,10,5,5
test,CE23,住宅街に歩行者がいる画像,targets_met,29,873,98,10,10,10,10,5,5
test,CE24,高速道路にバスがいる画像,targets_met,10,965,25,10,10,10,10,5,5
test,CO01,車とバスがいる画像,targets_met,140,741,119,20,10,20,10,5,5
test,CO02,車とトラックがいる画像,targets_met,308,581,111,20,10,20,10,5,5
test,CO03,車とバンがいる画像,targets_met,229,652,119,20,10,20,10,5,5
test,CO04,車と歩行者がいる画像,targets_met,322,572,106,20,10,20,10,5,5
test,CO05,車と自転車がいる画像,targets_met,105,767,128,20,10,20,10,5,5
test,CO06,車とバイクがいる画像,targets_met,57,814,129,20,10,20,10,5,5
test,CO07,バスとトラックがいる画像,targets_met,52,819,129,20,10,20,10,5,5
test,CO08,バスとバンがいる画像,targets_met,42,829,129,20,10,20,10,5,5
test,CO09,バスと歩行者がいる画像,targets_met,70,806,124,20,10,20,10,5,5
test,CO10,バスと自転車がいる画像,targets_met,23,847,130,20,10,20,10,5,5
test,CO11,バスとバイクがいる画像,below_target,8,862,130,20,10,8,10,5,5
test,CO12,トラックとバンがいる画像,targets_met,119,750,131,20,10,20,10,5,5
test,CO13,トラックと歩行者がいる画像,targets_met,120,753,127,20,10,20,10,5,5
test,CO14,トラックと自転車がいる画像,targets_met,37,833,130,20,10,20,10,5,5
test,CO15,トラックとバイクがいる画像,below_target,19,850,131,20,10,19,10,5,5
test,CO16,バンと歩行者がいる画像,targets_met,115,760,125,20,10,20,10,5,5
test,CO17,バンと自転車がいる画像,targets_met,37,833,130,20,10,20,10,5,5
test,CO18,バンとバイクがいる画像,below_target,15,854,131,20,10,15,10,5,5
test,CO19,歩行者と自転車がいる画像,targets_met,94,778,128,20,10,20,10,5,5
test,CO20,歩行者とバイクがいる画像,targets_met,33,837,130,20,10,20,10,5,5
test,CO21,自転車とバイクがいる画像,below_target,14,853,133,20,10,14,10,5,5
test,COL01,白い車がいる画像,targets_met,454,80,466,20,10,20,10,0,10
test,COL02,黒い車がいる画像,targets_met,293,110,597,20,10,20,10,0,10
test,COL03,赤い車がいる画像,targets_met,132,169,699,20,10,20,10,5,5
test,COL04,青い車がいる画像,targets_met,51,187,762,20,10,20,10,5,5
test,COL05,白いバスがいる画像,targets_met,75,748,177,20,10,20,10,5,5
test,COL06,黒いバスがいる画像,below_target,1,819,180,20,10,1,10,5,5
test,COL07,赤いバスがいる画像,below_target,4,816,180,20,10,4,10,5,5
test,COL08,青いバスがいる画像,below_target,11,810,179,20,10,11,10,5,5
test,COL09,白いトラックがいる画像,targets_met,131,619,250,20,10,20,10,5,5
test,COL10,黒いトラックがいる画像,below_target,18,714,268,20,10,18,10,5,5
test,COL11,赤いトラックがいる画像,targets_met,34,701,265,20,10,20,10,5,5
test,COL12,青いトラックがいる画像,below_target,16,718,266,20,10,16,10,5,5
test,COL13,白いバンがいる画像,targets_met,150,676,174,20,10,20,10,5,5
test,COL14,黒いバンがいる画像,targets_met,21,793,186,20,10,20,10,5,5
test,COL15,赤いバンがいる画像,below_target,13,800,187,20,10,13,10,5,5
test,COL16,青いバンがいる画像,below_target,5,807,188,20,10,5,10,5,5
test,COL17,白い自転車がいる画像,no_positive,0,773,227,20,10,0,0,0,0
test,COL18,黒い自転車がいる画像,no_positive,0,773,227,20,10,0,0,0,0
test,COL19,赤い自転車がいる画像,below_target,2,773,225,20,10,2,10,5,5
test,COL20,青い自転車がいる画像,below_target,11,764,225,20,10,11,10,5,5
test,COL21,白いバイクがいる画像,below_target,2,819,179,20,10,2,10,5,5
test,COL22,黒いバイクがいる画像,below_target,6,815,179,20,10,6,10,5,5
test,COL23,赤いバイクがいる画像,below_target,3,818,179,20,10,3,10,5,5
test,COL24,青いバイクがいる画像,below_target,1,820,179,20,10,1,10,5,5
test,D01,逆走している自転車,deferred_temporal,0,0,1000,0,0,0,0,0,0
test,D02,車両の陰から歩行者が飛び出す場面,deferred_temporal,0,0,1000,0,0,0,0,0,0
test,D03,歩行者が急に車道を横断する場面,deferred_temporal,0,0,1000,0,0,0,0,0,0
test,D04,前方の車が急停止する場面,deferred_temporal,0,0,1000,0,0,0,0,0,0
test,D05,自車に車両が急接近する場面,deferred_temporal,0,0,1000,0,0,0,0,0,0
test,D06,車が信号を無視して進む場面,deferred_temporal,0,0,1000,0,0,0,0,0,0
test,ENV01,昼の道路の画像,targets_met,707,288,5,20,10,20,10,0,10
test,ENV02,夜の道路の画像,targets_met,262,732,6,20,10,20,10,0,10
test,ENV03,薄明の道路の画像,targets_met,32,957,11,20,10,20,10,5,5
test,ENV04,晴れた道路の画像,targets_met,367,270,363,20,10,20,10,0,10
test,ENV05,曇りの道路の画像,targets_met,260,407,333,20,10,20,10,3,7
test,ENV06,雨が降っている道路の画像,targets_met,49,914,37,20,10,20,10,5,5
test,ENV07,雪が降っている道路の画像,below_target,9,959,32,20,10,9,10,5,5
test,ENV08,霧のある道路の画像,below_target,9,900,91,20,10,9,10,5,5
test,H01,夜の画面左に自転車がいる画像,below_target,5,889,106,20,10,5,10,5,5
test,H02,薄明の画面右にバイクがいる画像,no_positive,0,996,4,20,10,0,0,0,0
test,H03,霧のある道路の歩道上に歩行者がいる画像,no_positive,0,923,77,20,10,0,0,0,0
test,H04,道路の工事区間と画面右の自転車が見える画像,below_target,2,967,31,20,10,2,10,5,5
test,H05,路面に雪があり画面左に歩行者がいる画像,below_target,11,971,18,20,10,11,10,5,5
test,H06,路面が濡れていて画面中央にバイクがいる画像,below_target,1,941,58,20,10,1,10,5,5
test,H07,赤信号と自車と同じ車線の車が見える画像,targets_met,94,782,124,20,10,20,10,5,5
test,H08,画面右に青い車がいる画像,below_target,14,512,474,20,10,14,10,5,5
test,H09,画面中央に黒いバスがいる画像,no_positive,0,846,154,20,10,0,0,0,0
test,H10,画面左に赤いトラックがいる画像,below_target,9,809,182,20,10,9,10,5,5
test,H11,画面右に青いバンがいる画像,below_target,1,844,155,20,10,1,10,5,5
test,H12,画面中央に白い自転車がいる画像,no_positive,0,827,173,20,10,0,0,0,0
test,H13,画面中央に赤いバイクがいる画像,below_target,2,829,169,20,10,2,10,5,5
test,H14,画面左に後ろ姿が見えるバスがいる画像,below_target,19,861,120,20,10,19,10,5,5
test,H15,赤い車と画面右の自転車がいる画像,below_target,3,834,163,20,10,3,10,5,5
test,H16,白いバスと画面左の歩行者がいる画像,below_target,13,841,146,20,10,13,10,5,5
test,H17,青いトラックと画面右のバイクがいる画像,below_target,1,868,131,20,10,1,10,5,5
test,H18,黒いバンと画面左の自転車がいる画像,no_positive,0,865,135,20,10,0,0,0,0
test,H19,赤い自転車と画面右の歩行者がいる画像,below_target,2,814,184,20,10,2,10,5,5
test,H20,白いバイクと画面中央の車がいる画像,below_target,1,839,160,20,10,1,10,5,5
test,LOC01,自車と同じ車線に車がいる画像,targets_met,498,197,305,20,10,20,10,5,5
test,LOC02,自車の左隣の車線に車がいる画像,targets_met,279,321,400,20,10,20,10,5,5
test,LOC03,自車の右隣の車線に車がいる画像,targets_met,294,330,376,20,10,20,10,5,5
test,LOC04,対向車線に車がいる画像,targets_met,237,341,422,20,10,20,10,5,5
test,LOC05,自車と同じ車線にバスがいる画像,targets_met,57,811,132,20,10,20,10,5,5
test,LOC06,自車の左隣の車線にバスがいる画像,targets_met,24,844,132,20,10,20,10,5,5
test,LOC07,自車の右隣の車線にバスがいる画像,targets_met,35,831,134,20,10,20,10,5,5
test,LOC08,対向車線にバスがいる画像,below_target,17,849,134,20,10,17,10,5,5
test,LOC09,自車と同じ車線にトラックがいる画像,targets_met,89,738,173,20,10,20,10,5,5
test,LOC10,自車の左隣の車線にトラックがいる画像,targets_met,61,758,181,20,10,20,10,5,5
test,LOC11,自車の右隣の車線にトラックがいる画像,targets_met,79,743,178,20,10,20,10,5,5
test,LOC12,対向車線にトラックがいる画像,targets_met,28,787,185,20,10,20,10,5,5
test,LOC13,自車と同じ車線にバンがいる画像,targets_met,76,766,158,20,10,20,10,5,5
test,LOC14,自車の左隣の車線にバンがいる画像,targets_met,37,803,160,20,10,20,10,5,5
test,LOC15,自車の右隣の車線にバンがいる画像,targets_met,49,793,158,20,10,20,10,5,5
test,LOC16,対向車線にバンがいる画像,below_target,17,816,167,20,10,17,10,5,5
test,LOC17,自車と同じ車線に自転車がいる画像,targets_met,35,788,177,20,10,20,10,5,5
test,LOC18,自車の左隣の車線に自転車がいる画像,below_target,5,816,179,20,10,5,10,5,5
test,LOC19,自車の右隣の車線に自転車がいる画像,below_target,15,805,180,20,10,15,10,5,5
test,LOC20,対向車線に自転車がいる画像,below_target,2,818,180,20,10,2,10,5,5
test,LOC21,自車と同じ車線にバイクがいる画像,targets_met,32,825,143,20,10,20,10,5,5
test,LOC22,自車の左隣の車線にバイクがいる画像,below_target,4,851,145,20,10,4,10,5,5
test,LOC23,自車の右隣の車線にバイクがいる画像,below_target,10,844,146,20,10,10,10,5,5
test,LOC24,対向車線にバイクがいる画像,no_positive,0,854,146,20,10,0,0,0,0
test,LOC25,歩道上に歩行者がいる画像,targets_met,233,635,132,20,10,20,10,5,5
test,LOC26,横断歩道上に歩行者がいる画像,targets_met,68,755,177,20,10,20,10,5,5
test,LOC27,車道上に歩行者がいる画像,targets_met,176,675,149,20,10,20,10,5,5
test,OBJ01,車がいる画像,targets_met,951,40,9,20,10,20,10,0,10
test,OBJ02,バスがいる画像,targets_met,147,735,118,20,10,20,10,5,5
test,OBJ03,トラックがいる画像,targets_met,318,572,110,20,10,20,10,2,8
test,OBJ04,バンがいる画像,targets_met,237,646,117,20,10,20,10,5,5
test,OBJ05,歩行者がいる画像,targets_met,338,559,103,20,10,20,10,2,8
test,OBJ06,自転車がいる画像,targets_met,108,764,128,20,10,20,10,5,5
test,OBJ07,バイクがいる画像,targets_met,60,810,130,20,10,20,10,5,5
test,ORI01,こちらに正面を向けた車がいる画像,targets_met,366,410,224,20,10,20,10,5,5
test,ORI02,後ろ姿が見える車がいる画像,targets_met,812,122,66,20,10,20,10,1,9
test,ORI03,こちらに正面を向けたバスがいる画像,targets_met,22,859,119,20,10,20,10,5,5
test,ORI04,後ろ姿が見えるバスがいる画像,targets_met,102,778,120,20,10,20,10,5,5
test,ORI05,こちらに正面を向けたトラックがいる画像,targets_met,52,807,141,20,10,20,10,5,5
test,ORI06,後ろ姿が見えるトラックがいる画像,targets_met,197,680,123,20,10,20,10,5,5
test,ORI07,こちらに正面を向けたバンがいる画像,targets_met,31,828,141,20,10,20,10,5,5
test,ORI08,後ろ姿が見えるバンがいる画像,targets_met,172,704,124,20,10,20,10,5,5
test,ORI09,こちらに正面を向けた自転車がいる画像,below_target,13,847,140,20,10,13,10,5,5
test,ORI10,後ろ姿が見える自転車がいる画像,targets_met,57,806,137,20,10,20,10,5,5
test,ORI11,こちらに正面を向けたバイクがいる画像,below_target,1,863,136,20,10,1,10,5,5
test,ORI12,後ろ姿が見えるバイクがいる画像,targets_met,46,822,132,20,10,20,10,5,5
test,POS01,画面左に車がいる画像,targets_met,615,272,113,20,10,20,10,5,5
test,POS02,画面中央に車がいる画像,targets_met,778,172,50,20,10,20,10,5,5
test,POS03,画面右に車がいる画像,targets_met,412,391,197,20,10,20,10,5,5
test,POS04,画面左にバスがいる画像,targets_met,45,832,123,20,10,20,10,5,5
test,POS05,画面中央にバスがいる画像,targets_met,71,807,122,20,10,20,10,5,5
test,POS06,画面右にバスがいる画像,targets_met,42,835,123,20,10,20,10,5,5
test,POS07,画面左にトラックがいる画像,targets_met,97,767,136,20,10,20,10,5,5
test,POS08,画面中央にトラックがいる画像,targets_met,180,697,123,20,10,20,10,5,5
test,POS09,画面右にトラックがいる画像,targets_met,95,770,135,20,10,20,10,5,5
test,POS10,画面左にバンがいる画像,targets_met,70,791,139,20,10,20,10,5,5
test,POS11,画面中央にバンがいる画像,targets_met,122,744,134,20,10,20,10,5,5
test,POS12,画面右にバンがいる画像,targets_met,65,796,139,20,10,20,10,5,5
test,POS13,画面左に歩行者がいる画像,targets_met,135,710,155,20,10,20,10,5,5
test,POS14,画面中央に歩行者がいる画像,targets_met,163,687,150,20,10,20,10,5,5
test,POS15,画面右に歩行者がいる画像,targets_met,171,683,146,20,10,20,10,5,5
test,POS16,画面左に自転車がいる画像,targets_met,30,835,135,20,10,20,10,5,5
test,POS17,画面中央に自転車がいる画像,targets_met,45,820,135,20,10,20,10,5,5
test,POS18,画面右に自転車がいる画像,targets_met,40,824,136,20,10,20,10,5,5
test,POS19,画面左にバイクがいる画像,below_target,10,857,133,20,10,10,10,5,5
test,POS20,画面中央にバイクがいる画像,targets_met,40,827,133,20,10,20,10,5,5
test,POS21,画面右にバイクがいる画像,below_target,10,854,136,20,10,10,10,5,5
test,R01,緊急車両がいる画像,targets_met,15,875,110,10,10,10,10,5,5
test,R02,列車が見える画像,below_target,4,869,127,10,10,4,10,5,5
test,R03,動物がいる画像,below_target,4,863,133,10,10,4,10,5,5
test,ROAD01,市街地の道路の画像,targets_met,668,269,63,20,10,20,10,0,10
test,ROAD02,住宅街の道路の画像,targets_met,103,750,147,20,10,20,10,0,10
test,ROAD03,高速道路の画像,targets_met,118,857,25,20,10,20,10,3,7
test,ROAD04,田舎道の画像,targets_met,23,945,32,20,10,20,10,5,5
test,ROAD05,トンネル内の画像,targets_met,24,970,6,20,10,20,10,5,5
test,ROAD06,橋の上の道路の画像,targets_met,136,672,192,20,10,20,10,2,8
test,ROAD07,交差点が見える画像,targets_met,392,488,120,20,10,20,10,5,5
test,ROAD08,横断歩道が見える画像,targets_met,234,733,33,20,10,20,10,3,7
test,ROAD09,道路の工事区間が見える画像,targets_met,57,912,31,20,10,20,10,5,5
test,ROAD10,赤信号が見える画像,targets_met,206,735,59,20,10,20,10,5,5
test,ROAD11,青信号が見える画像,targets_met,290,653,57,20,10,20,10,5,5
test,ROAD12,黄信号が見える画像,below_target,15,924,61,20,10,15,10,5,5
test,ROAD13,路面が濡れている画像,targets_met,154,805,41,20,10,20,10,0,10
test,ROAD14,路面に雪がある画像,targets_met,88,903,9,20,10,20,10,0,10
test,ROAD15,道路がカーブしている画像,targets_met,79,741,180,20,10,20,10,5,5
test,ROAD16,坂道の画像,below_target,5,680,315,20,10,5,10,5,5
test,X01,トラックより画面上で左に歩行者がいる画像,targets_met,72,788,140,10,10,10,10,5,5
test,X02,車がちょうど2台見える画像,targets_met,135,790,75,10,10,10,10,5,5
test,X03,歩行者が写っていない画像,targets_met,559,338,103,10,10,10,10,5,5
test,X04,バスまたはトラックがいる画像,targets_met,413,488,99,10,10,10,10,4,6
train,CA01,画面左に赤い車がいる画像,targets_met,152,1292,2056,20,20,20,20,10,10
train,CA02,画面右に白い車がいる画像,targets_met,496,1513,1491,20,20,20,20,10,10
train,CA03,画面左に白いバスがいる画像,targets_met,80,2851,569,20,20,20,20,10,10
train,CA04,画面右に赤いバスがいる画像,below_target,5,2952,543,20,20,5,20,10,10
train,CA05,画面中央に青いトラックがいる画像,below_target,13,2713,774,20,20,13,20,10,10
train,CA06,画面右に白いトラックがいる画像,targets_met,125,2728,647,20,20,20,20,10,10
train,CA07,画面左に黒いバンがいる画像,targets_met,27,2806,667,20,20,20,20,10,10
train,CA08,画面中央に白いバンがいる画像,targets_met,329,2518,653,20,20,20,20,10,10
train,CA09,画面右に赤い自転車がいる画像,below_target,3,2839,658,20,20,3,20,10,10
train,CA10,画面左に青い自転車がいる画像,below_target,11,2873,616,20,20,11,20,10,10
train,CA11,画面右に黒いバイクがいる画像,below_target,6,2928,566,20,20,6,20,10,10
train,CA12,画面左に白いバイクがいる画像,below_target,1,2924,575,20,20,1,20,10,10
train,CA13,自車と同じ車線に、こちらに正面を向けた自転車がいる画像,below_target,2,2917,581,20,20,2,20,10,10
train,CA14,自車と同じ車線に後ろ姿が見える車がいる画像,targets_met,1841,750,909,20,20,20,20,10,10
train,CA15,画面右の歩道上に歩行者がいる画像,targets_met,430,2458,612,20,20,20,20,10,10
train,CA16,画面左の横断歩道上に歩行者がいる画像,targets_met,69,2714,717,20,20,20,20,10,10
train,CB01,赤い車と白いバスがいる画像,targets_met,34,2638,828,20,20,20,20,10,10
train,CB02,白い車と赤いバスがいる画像,below_target,10,2789,701,20,20,10,20,10,10
train,CB03,黒い車と白いトラックがいる画像,targets_met,244,2199,1057,20,20,20,20,10,10
train,CB04,白い車と黒いトラックがいる画像,targets_met,38,2527,935,20,20,20,20,10,10
train,CB05,青いバンと赤い車がいる画像,below_target,5,2735,760,20,20,5,20,10,10
train,CB06,赤いバンと青い車がいる画像,below_target,2,2733,765,20,20,2,20,10,10
train,CB07,白いバスと青いトラックがいる画像,below_target,5,2915,580,20,20,5,20,10,10
train,CB08,青いバスと白いトラックがいる画像,below_target,7,2916,577,20,20,7,20,10,10
train,CB09,赤い自転車と黒いバイクがいる画像,no_positive,0,2939,561,20,20,0,0,0,0
train,CB10,黒い自転車と赤いバイクがいる画像,no_positive,0,2939,561,20,20,0,0,0,0
train,CB11,青い自転車と白い車がいる画像,below_target,14,2703,783,20,20,14,20,10,10
train,CB12,白い自転車と青い車がいる画像,no_positive,0,2763,737,20,20,0,0,0,0
train,CB13,画面左の歩行者と画面右の自転車がいる画像,targets_met,33,2918,549,20,20,20,20,10,10
train,CB14,画面右の歩行者と画面左の自転車がいる画像,targets_met,31,2917,552,20,20,20,20,10,10
train,CB15,画面左のバスと画面右のバイクがいる画像,below_target,2,2988,510,20,20,2,20,10,10
train,CB16,画面右のバスと画面左のバイクがいる画像,below_target,1,2993,506,20,20,1,20,10,10
train,CB17,画面中央の車と画面右のトラックがいる画像,targets_met,239,2744,517,20,20,20,20,10,10
train,CB18,画面右の車と画面中央のトラックがいる画像,targets_met,211,2761,528,20,20,20,20,10,10
train,CB19,画面左のバンと画面中央の歩行者がいる画像,targets_met,65,2892,543,20,20,20,20,10,10
train,CB20,画面中央のバンと画面左の歩行者がいる画像,targets_met,79,2872,549,20,20,20,20,10,10
train,CB21,画面左の車と画面右のバスがいる画像,targets_met,73,2961,466,20,20,20,20,10,10
train,CB22,画面右の車と画面左のバスがいる画像,targets_met,65,2995,440,20,20,20,20,10,10
train,CB23,画面中央の自転車と画面左のバイクがいる画像,below_target,4,2956,540,20,20,4,20,10,10
train,CB24,画面左の自転車と画面中央のバイクがいる画像,below_target,5,2957,538,20,20,5,20,10,10
train,CE01,夜の横断歩道上に歩行者がいる画像,targets_met,50,2996,454,20,20,20,20,10,10
train,CE02,昼の横断歩道上に歩行者がいる画像,targets_met,143,3132,225,20,20,20,20,10,10
train,CE03,薄明の歩道上に歩行者がいる画像,targets_met,24,3459,17,20,20,20,20,10,10
train,CE04,夜に自転車がいる画像,targets_met,55,3011,434,20,20,20,20,10,10
train,CE05,夜にバイクがいる画像,targets_met,35,3028,437,20,20,20,20,10,10
train,CE06,霧の中に歩行者がいる画像,below_target,1,3220,279,20,20,1,20,10,10
train,CE07,霧の中に車がいる画像,below_target,16,3184,300,20,20,16,20,10,10
train,CE08,道路の工事区間と自転車が見える画像,targets_met,32,3335,133,20,20,20,20,10,10
train,CE09,道路の工事区間と歩行者が見える画像,targets_met,91,3283,126,20,20,20,20,10,10
train,CE10,路面に雪があり車がいる画像,targets_met,262,3217,21,20,20,20,20,8,12
train,CE11,路面に雪があり歩行者がいる画像,targets_met,85,3371,44,20,20,20,20,10,10
train,CE12,路面が濡れていて自転車がいる画像,targets_met,28,3235,237,20,20,20,20,10,10
train,CE13,路面が濡れていてバイクがいる画像,below_target,10,3252,238,20,20,10,20,10,10
train,CE14,雨が降る道路にバスがいる画像,below_target,19,3346,135,20,20,19,20,10,10
train,CE15,雨が降る道路の歩道上に歩行者がいる画像,targets_met,25,3336,139,20,20,20,20,10,10
train,CE16,雪が降る道路にトラックがいる画像,below_target,2,3429,69,20,20,2,20,10,10
train,CE17,トンネル内に車がいる画像,targets_met,49,3438,13,20,20,20,20,10,10
train,CE18,橋の上にトラックがいる画像,targets_met,170,2889,441,20,20,20,20,10,10
train,CE19,交差点とバイクが見える画像,targets_met,87,2962,451,20,20,20,20,10,10
train,CE20,赤信号と車が見える画像,targets_met,645,2652,203,20,20,20,20,10,10
train,CE21,青信号と自転車が見える画像,targets_met,136,3037,327,20,20,20,20,10,10
train,CE22,黄信号とバンが見える画像,below_target,13,3329,158,20,20,13,20,10,10
train,CE23,住宅街に歩行者がいる画像,targets_met,102,3028,370,20,20,20,20,10,10
train,CE24,高速道路にバスがいる画像,targets_met,48,3348,104,20,20,20,20,10,10
train,CO01,車とバスがいる画像,targets_met,511,2499,490,50,20,50,20,10,10
train,CO02,車とトラックがいる画像,targets_met,1015,2025,460,50,20,50,20,10,10
train,CO03,車とバンがいる画像,targets_met,889,2131,480,50,20,50,20,10,10
train,CO04,車と歩行者がいる画像,targets_met,1000,2043,457,50,20,50,20,10,10
train,CO05,車と自転車がいる画像,targets_met,305,2669,526,50,20,50,20,10,10
train,CO06,車とバイクがいる画像,targets_met,163,2808,529,50,20,50,20,10,10
train,CO07,バスとトラックがいる画像,targets_met,162,2811,527,50,20,50,20,10,10
train,CO08,バスとバンがいる画像,targets_met,148,2822,530,50,20,50,20,10,10
train,CO09,バスと歩行者がいる画像,targets_met,230,2740,530,50,20,50,20,10,10
train,CO10,バスと自転車がいる画像,targets_met,80,2883,537,50,20,50,20,10,10
train,CO11,バスとバイクがいる画像,below_target,21,2940,539,50,20,21,20,10,10
train,CO12,トラックとバンがいる画像,targets_met,379,2596,525,50,20,50,20,10,10
train,CO13,トラックと歩行者がいる画像,targets_met,345,2640,515,50,20,50,20,10,10
train,CO14,トラックと自転車がいる画像,targets_met,101,2869,530,50,20,50,20,10,10
train,CO15,トラックとバイクがいる画像,below_target,42,2925,533,50,20,42,20,10,10
train,CO16,バンと歩行者がいる画像,targets_met,350,2631,519,50,20,50,20,10,10
train,CO17,バンと自転車がいる画像,targets_met,91,2870,539,50,20,50,20,10,10
train,CO18,バンとバイクがいる画像,below_target,45,2915,540,50,20,45,20,10,10
train,CO19,歩行者と自転車がいる画像,targets_met,276,2696,528,50,20,50,20,10,10
train,CO20,歩行者とバイクがいる画像,targets_met,90,2871,539,50,20,50,20,10,10
train,CO21,自転車とバイクがいる画像,below_target,27,2931,542,50,20,27,20,10,10
train,COL01,白い車がいる画像,targets_met,1639,216,1645,50,20,50,20,4,16
train,COL02,黒い車がいる画像,targets_met,1082,298,2120,50,20,50,20,1,19
train,COL03,赤い車がいる画像,targets_met,484,494,2522,50,20,50,20,8,12
train,COL04,青い車がいる画像,targets_met,176,549,2775,50,20,50,20,10,10
train,COL05,白いバスがいる画像,targets_met,289,2518,693,50,20,50,20,10,10
train,COL06,黒いバスがいる画像,below_target,3,2785,712,50,20,3,20,10,10
train,COL07,赤いバスがいる画像,below_target,18,2771,711,50,20,18,20,10,10
train,COL08,青いバスがいる画像,below_target,34,2756,710,50,20,34,20,10,10
train,COL09,白いトラックがいる画像,targets_met,527,2113,860,50,20,50,20,10,10
train,COL10,黒いトラックがいる画像,targets_met,57,2496,947,50,20,50,20,10,10
train,COL11,赤いトラックがいる画像,targets_met,96,2474,930,50,20,50,20,10,10
train,COL12,青いトラックがいる画像,below_target,49,2499,952,50,20,49,20,10,10
train,COL13,白いバンがいる画像,targets_met,609,2189,702,50,20,50,20,10,10
train,COL14,黒いバンがいる画像,targets_met,69,2659,772,50,20,50,20,10,10
train,COL15,赤いバンがいる画像,below_target,32,2688,780,50,20,32,20,10,10
train,COL16,青いバンがいる画像,below_target,24,2695,781,50,20,24,20,10,10
train,COL17,白い自転車がいる画像,below_target,5,2688,807,50,20,5,20,10,10
train,COL18,黒い自転車がいる画像,below_target,10,2681,809,50,20,10,20,10,10
train,COL19,赤い自転車がいる画像,below_target,4,2687,809,50,20,4,20,10,10
train,COL20,青い自転車がいる画像,below_target,24,2673,803,50,20,24,20,10,10
train,COL21,白いバイクがいる画像,below_target,7,2824,669,50,20,7,20,10,10
train,COL22,黒いバイクがいる画像,below_target,13,2817,670,50,20,13,20,10,10
train,COL23,赤いバイクがいる画像,below_target,15,2819,666,50,20,15,20,10,10
train,COL24,青いバイクがいる画像,below_target,7,2823,670,50,20,7,20,10,10
train,D01,逆走している自転車,deferred_temporal,0,0,3500,0,0,0,0,0,0
train,D02,車両の陰から歩行者が飛び出す場面,deferred_temporal,0,0,3500,0,0,0,0,0,0
train,D03,歩行者が急に車道を横断する場面,deferred_temporal,0,0,3500,0,0,0,0,0,0
train,D04,前方の車が急停止する場面,deferred_temporal,0,0,3500,0,0,0,0,0,0
train,D05,自車に車両が急接近する場面,deferred_temporal,0,0,3500,0,0,0,0,0,0
train,D06,車が信号を無視して進む場面,deferred_temporal,0,0,3500,0,0,0,0,0,0
train,ENV01,昼の道路の画像,targets_met,2410,1080,10,50,20,50,20,0,20
train,ENV02,夜の道路の画像,targets_met,1031,2459,10,50,20,50,20,0,20
train,ENV03,薄明の道路の画像,targets_met,103,3368,29,50,20,50,20,10,10
train,ENV04,晴れた道路の画像,targets_met,1350,834,1316,50,20,50,20,0,20
train,ENV05,曇りの道路の画像,targets_met,801,1469,1230,50,20,50,20,1,19
train,ENV06,雨が降っている道路の画像,targets_met,152,3232,116,50,20,50,20,10,10
train,ENV07,雪が降っている道路の画像,below_target,23,3387,90,50,20,23,20,10,10
train,ENV08,霧のある道路の画像,below_target,17,3181,302,50,20,17,20,10,10
train,H01,夜の画面左に自転車がいる画像,excluded_heldout,10,3052,438,0,0,0,0,0,0
train,H02,薄明の画面右にバイクがいる画像,excluded_heldout,0,3480,20,0,0,0,0,0,0
train,H03,霧のある道路の歩道上に歩行者がいる画像,excluded_heldout,0,3221,279,0,0,0,0,0,0
train,H04,道路の工事区間と画面右の自転車が見える画像,excluded_heldout,15,3350,135,0,0,0,0,0,0
train,H05,路面に雪があり画面左に歩行者がいる画像,excluded_heldout,32,3413,55,0,0,0,0,0,0
train,H06,路面が濡れていて画面中央にバイクがいる画像,excluded_heldout,7,3253,240,0,0,0,0,0,0
train,H07,赤信号と自車と同じ車線の車が見える画像,excluded_heldout,306,2754,440,0,0,0,0,0,0
train,H08,画面右に青い車がいる画像,excluded_heldout,40,1737,1723,0,0,0,0,0,0
train,H09,画面中央に黒いバスがいる画像,excluded_heldout,0,2874,626,0,0,0,0,0,0
train,H10,画面左に赤いトラックがいる画像,excluded_heldout,27,2774,699,0,0,0,0,0,0
train,H11,画面右に青いバンがいる画像,excluded_heldout,5,2860,635,0,0,0,0,0,0
train,H12,画面中央に白い自転車がいる画像,excluded_heldout,2,2837,661,0,0,0,0,0,0
train,H13,画面中央に赤いバイクがいる画像,excluded_heldout,7,2869,624,0,0,0,0,0,0
train,H14,画面左に後ろ姿が見えるバスがいる画像,excluded_heldout,58,2938,504,0,0,0,0,0,0
train,H15,赤い車と画面右の自転車がいる画像,excluded_heldout,19,2869,612,0,0,0,0,0,0
train,H16,白いバスと画面左の歩行者がいる画像,excluded_heldout,54,2861,585,0,0,0,0,0,0
train,H17,青いトラックと画面右のバイクがいる画像,excluded_heldout,0,2973,527,0,0,0,0,0,0
train,H18,黒いバンと画面左の自転車がいる画像,excluded_heldout,0,2964,536,0,0,0,0,0,0
train,H19,赤い自転車と画面右の歩行者がいる画像,excluded_heldout,2,2813,685,0,0,0,0,0,0
train,H20,白いバイクと画面中央の車がいる画像,excluded_heldout,3,2891,606,0,0,0,0,0,0
train,LOC01,自車と同じ車線に車がいる画像,targets_met,1858,579,1063,50,20,50,20,10,10
train,LOC02,自車の左隣の車線に車がいる画像,targets_met,1056,961,1483,50,20,50,20,10,10
train,LOC03,自車の右隣の車線に車がいる画像,targets_met,1137,963,1400,50,20,50,20,10,10
train,LOC04,対向車線に車がいる画像,targets_met,857,1115,1528,50,20,50,20,10,10
train,LOC05,自車と同じ車線にバスがいる画像,targets_met,206,2747,547,50,20,50,20,10,10
train,LOC06,自車の左隣の車線にバスがいる画像,targets_met,93,2862,545,50,20,50,20,10,10
train,LOC07,自車の右隣の車線にバスがいる画像,targets_met,136,2820,544,50,20,50,20,10,10
train,LOC08,対向車線にバスがいる画像,targets_met,53,2898,549,50,20,50,20,10,10
train,LOC09,自車と同じ車線にトラックがいる画像,targets_met,258,2590,652,50,20,50,20,10,10
train,LOC10,自車の左隣の車線にトラックがいる画像,targets_met,222,2616,662,50,20,50,20,10,10
train,LOC11,自車の右隣の車線にトラックがいる画像,targets_met,303,2557,640,50,20,50,20,10,10
train,LOC12,対向車線にトラックがいる画像,targets_met,112,2708,680,50,20,50,20,10,10
train,LOC13,自車と同じ車線にバンがいる画像,targets_met,293,2547,660,50,20,50,20,10,10
train,LOC14,自車の左隣の車線にバンがいる画像,targets_met,160,2668,672,50,20,50,20,10,10
train,LOC15,自車の右隣の車線にバンがいる画像,targets_met,207,2635,658,50,20,50,20,10,10
train,LOC16,対向車線にバンがいる画像,targets_met,81,2739,680,50,20,50,20,10,10
train,LOC17,自車と同じ車線に自転車がいる画像,targets_met,75,2741,684,50,20,50,20,10,10
train,LOC18,自車の左隣の車線に自転車がいる画像,below_target,21,2785,694,50,20,21,20,10,10
train,LOC19,自車の右隣の車線に自転車がいる画像,below_target,49,2758,693,50,20,49,20,10,10
train,LOC20,対向車線に自転車がいる画像,below_target,6,2799,695,50,20,6,20,10,10
train,LOC21,自車と同じ車線にバイクがいる画像,targets_met,78,2847,575,50,20,50,20,10,10
train,LOC22,自車の左隣の車線にバイクがいる画像,below_target,15,2910,575,50,20,15,20,10,10
train,LOC23,自車の右隣の車線にバイクがいる画像,below_target,21,2903,576,50,20,21,20,10,10
train,LOC24,対向車線にバイクがいる画像,below_target,6,2916,578,50,20,6,20,10,10
train,LOC25,歩道上に歩行者がいる画像,targets_met,769,2205,526,50,20,50,20,10,10
train,LOC26,横断歩道上に歩行者がいる画像,targets_met,196,2620,684,50,20,50,20,10,10
train,LOC27,車道上に歩行者がいる画像,targets_met,477,2398,625,50,20,50,20,10,10
train,OBJ01,車がいる画像,targets_met,3352,107,41,50,20,50,20,1,19
train,OBJ02,バスがいる画像,targets_met,537,2475,488,50,20,50,20,10,10
train,OBJ03,トラックがいる画像,targets_met,1056,1996,448,50,20,50,20,3,17
train,OBJ04,バンがいる画像,targets_met,920,2107,473,50,20,50,20,10,10
train,OBJ05,歩行者がいる画像,targets_met,1041,2007,452,50,20,50,20,8,12
train,OBJ06,自転車がいる画像,targets_met,315,2658,527,50,20,50,20,10,10
train,OBJ07,バイクがいる画像,targets_met,171,2798,531,50,20,50,20,10,10
train,ORI01,こちらに正面を向けた車がいる画像,targets_met,1295,1380,825,50,20,50,20,10,10
train,ORI02,後ろ姿が見える車がいる画像,targets_met,2900,384,216,50,20,50,20,5,15
train,ORI03,こちらに正面を向けたバスがいる画像,targets_met,72,2929,499,50,20,50,20,10,10
train,ORI04,後ろ姿が見えるバスがいる画像,targets_met,370,2638,492,50,20,50,20,10,10
train,ORI05,こちらに正面を向けたトラックがいる画像,targets_met,183,2756,561,50,20,50,20,10,10
train,ORI06,後ろ姿が見えるトラックがいる画像,targets_met,666,2345,489,50,20,50,20,10,10
train,ORI07,こちらに正面を向けたバンがいる画像,targets_met,128,2795,577,50,20,50,20,10,10
train,ORI08,後ろ姿が見えるバンがいる画像,targets_met,642,2350,508,50,20,50,20,10,10
train,ORI09,こちらに正面を向けた自転車がいる画像,below_target,41,2902,557,50,20,41,20,10,10
train,ORI10,後ろ姿が見える自転車がいる画像,targets_met,161,2793,546,50,20,50,20,10,10
train,ORI11,こちらに正面を向けたバイクがいる画像,below_target,14,2944,542,50,20,14,20,10,10
train,ORI12,後ろ姿が見えるバイクがいる画像,targets_met,114,2852,534,50,20,50,20,10,10
train,POS01,画面左に車がいる画像,targets_met,2226,863,411,50,20,50,20,10,10
train,POS02,画面中央に車がいる画像,targets_met,2817,495,188,50,20,50,20,10,10
train,POS03,画面右に車がいる画像,targets_met,1467,1307,726,50,20,50,20,10,10
train,POS04,画面左にバスがいる画像,targets_met,160,2836,504,50,20,50,20,10,10
train,POS05,画面中央にバスがいる画像,targets_met,302,2695,503,50,20,50,20,10,10
train,POS06,画面右にバスがいる画像,targets_met,119,2872,509,50,20,50,20,10,10
train,POS07,画面左にトラックがいる画像,targets_met,387,2565,548,50,20,50,20,10,10
train,POS08,画面中央にトラックがいる画像,targets_met,530,2453,517,50,20,50,20,10,10
train,POS09,画面右にトラックがいる画像,targets_met,286,2674,540,50,20,50,20,10,10
train,POS10,画面左にバンがいる画像,targets_met,314,2623,563,50,20,50,20,10,10
train,POS11,画面中央にバンがいる画像,targets_met,486,2474,540,50,20,50,20,10,10
train,POS12,画面右にバンがいる画像,targets_met,232,2698,570,50,20,50,20,10,10
train,POS13,画面左に歩行者がいる画像,targets_met,428,2469,603,50,20,50,20,10,10
train,POS14,画面中央に歩行者がいる画像,targets_met,496,2409,595,50,20,50,20,10,10
train,POS15,画面右に歩行者がいる画像,targets_met,544,2373,583,50,20,50,20,10,10
train,POS16,画面左に自転車がいる画像,targets_met,84,2872,544,50,20,50,20,10,10
train,POS17,画面中央に自転車がいる画像,targets_met,129,2829,542,50,20,50,20,10,10
train,POS18,画面右に自転車がいる画像,targets_met,131,2823,546,50,20,50,20,10,10
train,POS19,画面左にバイクがいる画像,below_target,41,2918,541,50,20,41,20,10,10
train,POS20,画面中央にバイクがいる画像,targets_met,106,2856,538,50,20,50,20,10,10
train,POS21,画面右にバイクがいる画像,below_target,36,2924,540,50,20,36,20,10,10
train,R01,緊急車両がいる画像,targets_met,43,2976,481,20,20,20,20,10,10
train,R02,列車が見える画像,below_target,9,2967,524,20,20,9,20,10,10
train,R03,動物がいる画像,below_target,18,2938,544,20,20,18,20,10,10
train,ROAD01,市街地の道路の画像,targets_met,2422,897,181,50,20,50,20,2,18
train,ROAD02,住宅街の道路の画像,targets_met,341,2635,524,50,20,50,20,0,20
train,ROAD03,高速道路の画像,targets_met,528,2873,99,50,20,50,20,5,15
train,ROAD04,田舎道の画像,targets_met,74,3321,105,50,20,50,20,10,10
train,ROAD05,トンネル内の画像,below_target,49,3438,13,50,20,49,20,10,10
train,ROAD06,橋の上の道路の画像,targets_met,486,2283,731,50,20,50,20,3,17
train,ROAD07,交差点が見える画像,targets_met,1399,1686,415,50,20,50,20,4,16
train,ROAD08,横断歩道が見える画像,targets_met,877,2503,120,50,20,50,20,10,10
train,ROAD09,道路の工事区間が見える画像,targets_met,170,3206,124,50,20,50,20,10,10
train,ROAD10,赤信号が見える画像,targets_met,671,2625,204,50,20,50,20,10,10
train,ROAD11,青信号が見える画像,targets_met,1126,2157,217,50,20,50,20,10,10
train,ROAD12,黄信号が見える画像,below_target,37,3255,208,50,20,37,20,10,10
train,ROAD13,路面が濡れている画像,targets_met,453,2898,149,50,20,50,20,1,19
train,ROAD14,路面に雪がある画像,targets_met,278,3204,18,50,20,50,20,2,18
train,ROAD15,道路がカーブしている画像,targets_met,226,2642,632,50,20,50,20,10,10
train,ROAD16,坂道の画像,below_target,42,2383,1075,50,20,42,20,10,10
train,X01,トラックより画面上で左に歩行者がいる画像,targets_met,177,2768,555,20,20,20,20,10,10
train,X02,車がちょうど2台見える画像,targets_met,414,2842,244,20,20,20,20,10,10
train,X03,歩行者が写っていない画像,targets_met,2007,1041,452,20,20,20,20,10,10
train,X04,バスまたはトラックがいる画像,targets_met,1431,1660,409,20,20,20,20,3,17
val,CA01,画面左に赤い車がいる画像,targets_met,26,188,286,5,5,5,5,3,2
val,CA02,画面右に白い車がいる画像,targets_met,82,210,208,5,5,5,5,3,2
val,CA03,画面左に白いバスがいる画像,targets_met,8,404,88,5,5,5,5,3,2
val,CA04,画面右に赤いバスがいる画像,no_positive,0,407,93,5,5,0,0,0,0
val,CA05,画面中央に青いトラックがいる画像,below_target,4,378,118,5,5,4,5,3,2
val,CA06,画面右に白いトラックがいる画像,targets_met,30,383,87,5,5,5,5,3,2
val,CA07,画面左に黒いバンがいる画像,below_target,2,401,97,5,5,2,5,3,2
val,CA08,画面中央に白いバンがいる画像,targets_met,39,357,104,5,5,5,5,3,2
val,CA09,画面右に赤い自転車がいる画像,below_target,2,400,98,5,5,2,5,3,2
val,CA10,画面左に青い自転車がいる画像,no_positive,0,403,97,5,5,0,0,0,0
val,CA11,画面右に黒いバイクがいる画像,below_target,1,412,87,5,5,1,5,3,2
val,CA12,画面左に白いバイクがいる画像,no_positive,0,405,95,5,5,0,0,0,0
val,CA13,自車と同じ車線に、こちらに正面を向けた自転車がいる画像,no_positive,0,410,90,5,5,0,0,0,0
val,CA14,自車と同じ車線に後ろ姿が見える車がいる画像,targets_met,255,129,116,5,5,5,5,3,2
val,CA15,画面右の歩道上に歩行者がいる画像,targets_met,52,354,94,5,5,5,5,3,2
val,CA16,画面左の横断歩道上に歩行者がいる画像,targets_met,8,386,106,5,5,5,5,3,2
val,CB01,赤い車と白いバスがいる画像,below_target,4,378,118,5,5,4,5,3,2
val,CB02,白い車と赤いバスがいる画像,below_target,2,393,105,5,5,2,5,3,2
val,CB03,黒い車と白いトラックがいる画像,targets_met,35,313,152,5,5,5,5,3,2
val,CB04,白い車と黒いトラックがいる画像,below_target,4,367,129,5,5,4,5,3,2
val,CB05,青いバンと赤い車がいる画像,below_target,1,392,107,5,5,1,5,3,2
val,CB06,赤いバンと青い車がいる画像,no_positive,0,391,109,5,5,0,0,0,0
val,CB07,白いバスと青いトラックがいる画像,below_target,1,410,89,5,5,1,5,3,2
val,CB08,青いバスと白いトラックがいる画像,no_positive,0,409,91,5,5,0,0,0,0
val,CB09,赤い自転車と黒いバイクがいる画像,no_positive,0,414,86,5,5,0,0,0,0
val,CB10,黒い自転車と赤いバイクがいる画像,no_positive,0,415,85,5,5,0,0,0,0
val,CB11,青い自転車と白い車がいる画像,no_positive,0,385,115,5,5,0,0,0,0
val,CB12,白い自転車と青い車がいる画像,no_positive,0,391,109,5,5,0,0,0,0
val,CB13,画面左の歩行者と画面右の自転車がいる画像,below_target,1,415,84,5,5,1,5,3,2
val,CB14,画面右の歩行者と画面左の自転車がいる画像,targets_met,5,411,84,5,5,5,5,3,2
val,CB15,画面左のバスと画面右のバイクがいる画像,no_positive,0,420,80,5,5,0,0,0,0
val,CB16,画面右のバスと画面左のバイクがいる画像,no_positive,0,420,80,5,5,0,0,0,0
val,CB17,画面中央の車と画面右のトラックがいる画像,targets_met,28,398,74,5,5,5,5,3,2
val,CB18,画面右の車と画面中央のトラックがいる画像,targets_met,36,381,83,5,5,5,5,3,2
val,CB19,画面左のバンと画面中央の歩行者がいる画像,below_target,4,408,88,5,5,4,5,3,2
val,CB20,画面中央のバンと画面左の歩行者がいる画像,targets_met,12,402,86,5,5,5,5,3,2
val,CB21,画面左の車と画面右のバスがいる画像,targets_met,12,414,74,5,5,5,5,3,2
val,CB22,画面右の車と画面左のバスがいる画像,targets_met,9,419,72,5,5,5,5,3,2
val,CB23,画面中央の自転車と画面左のバイクがいる画像,no_positive,0,417,83,5,5,0,0,0,0
val,CB24,画面左の自転車と画面中央のバイクがいる画像,below_target,1,415,84,5,5,1,5,3,2
val,CE01,夜の横断歩道上に歩行者がいる画像,targets_met,5,426,69,5,5,5,5,3,2
val,CE02,昼の横断歩道上に歩行者がいる画像,targets_met,25,442,33,5,5,5,5,3,2
val,CE03,薄明の歩道上に歩行者がいる画像,below_target,1,494,5,5,5,1,5,3,2
val,CE04,夜に自転車がいる画像,targets_met,8,426,66,5,5,5,5,3,2
val,CE05,夜にバイクがいる画像,below_target,4,427,69,5,5,4,5,3,2
val,CE06,霧の中に歩行者がいる画像,no_positive,0,458,42,5,5,0,0,0,0
val,CE07,霧の中に車がいる画像,below_target,4,453,43,5,5,4,5,3,2
val,CE08,道路の工事区間と自転車が見える画像,below_target,3,475,22,5,5,3,5,3,2
val,CE09,道路の工事区間と歩行者が見える画像,targets_met,13,467,20,5,5,5,5,3,2
val,CE10,路面に雪があり車がいる画像,targets_met,36,462,2,5,5,5,5,1,4
val,CE11,路面に雪があり歩行者がいる画像,targets_met,7,485,8,5,5,5,5,3,2
val,CE12,路面が濡れていて自転車がいる画像,below_target,4,462,34,5,5,4,5,3,2
val,CE13,路面が濡れていてバイクがいる画像,no_positive,0,464,36,5,5,0,0,0,0
val,CE14,雨が降る道路にバスがいる画像,no_positive,0,481,19,5,5,0,0,0,0
val,CE15,雨が降る道路の歩道上に歩行者がいる画像,targets_met,6,475,19,5,5,5,5,3,2
val,CE16,雪が降る道路にトラックがいる画像,no_positive,0,489,11,5,5,0,0,0,0
val,CE17,トンネル内に車がいる画像,targets_met,8,488,4,5,5,5,5,3,2
val,CE18,橋の上にトラックがいる画像,targets_met,23,410,67,5,5,5,5,3,2
val,CE19,交差点とバイクが見える画像,targets_met,9,417,74,5,5,5,5,3,2
val,CE20,赤信号と車が見える画像,targets_met,88,374,38,5,5,5,5,3,2
val,CE21,青信号と自転車が見える画像,targets_met,18,427,55,5,5,5,5,3,2
val,CE22,黄信号とバンが見える画像,targets_met,5,467,28,5,5,5,5,3,2
val,CE23,住宅街に歩行者がいる画像,targets_met,22,421,57,5,5,5,5,3,2
val,CE24,高速道路にバスがいる画像,targets_met,6,481,13,5,5,5,5,3,2
val,CO01,車とバスがいる画像,targets_met,53,366,81,10,5,10,5,2,3
val,CO02,車とトラックがいる画像,targets_met,143,288,69,10,5,10,5,3,2
val,CO03,車とバンがいる画像,targets_met,119,306,75,10,5,10,5,3,2
val,CO04,車と歩行者がいる画像,targets_met,144,284,72,10,5,10,5,3,2
val,CO05,車と自転車がいる画像,targets_met,42,377,81,10,5,10,5,3,2
val,CO06,車とバイクがいる画像,targets_met,24,392,84,10,5,10,5,3,2
val,CO07,バスとトラックがいる画像,targets_met,18,398,84,10,5,10,5,3,2
val,CO08,バスとバンがいる画像,targets_met,15,401,84,10,5,10,5,3,2
val,CO09,バスと歩行者がいる画像,targets_met,22,395,83,10,5,10,5,3,2
val,CO10,バスと自転車がいる画像,below_target,5,411,84,10,5,5,5,3,2
val,CO11,バスとバイクがいる画像,below_target,1,415,84,10,5,1,5,3,2
val,CO12,トラックとバンがいる画像,targets_met,59,360,81,10,5,10,5,3,2
val,CO13,トラックと歩行者がいる画像,targets_met,59,361,80,10,5,10,5,3,2
val,CO14,トラックと自転車がいる画像,targets_met,19,397,84,10,5,10,5,3,2
val,CO15,トラックとバイクがいる画像,below_target,6,410,84,10,5,6,5,3,2
val,CO16,バンと歩行者がいる画像,targets_met,47,372,81,10,5,10,5,3,2
val,CO17,バンと自転車がいる画像,targets_met,22,394,84,10,5,10,5,3,2
val,CO18,バンとバイクがいる画像,below_target,4,412,84,10,5,4,5,3,2
val,CO19,歩行者と自転車がいる画像,targets_met,39,380,81,10,5,10,5,3,2
val,CO20,歩行者とバイクがいる画像,targets_met,14,402,84,10,5,10,5,3,2
val,CO21,自転車とバイクがいる画像,below_target,2,414,84,10,5,2,5,3,2
val,COL01,白い車がいる画像,targets_met,231,39,230,10,5,10,5,1,4
val,COL02,黒い車がいる画像,targets_met,153,53,294,10,5,10,5,0,5
val,COL03,赤い車がいる画像,targets_met,73,80,347,10,5,10,5,1,4
val,COL04,青い車がいる画像,targets_met,28,94,378,10,5,10,5,1,4
val,COL05,白いバスがいる画像,targets_met,27,365,108,10,5,10,5,2,3
val,COL06,黒いバスがいる画像,no_positive,0,390,110,10,5,0,0,0,0
val,COL07,赤いバスがいる画像,below_target,2,388,110,10,5,2,5,3,2
val,COL08,青いバスがいる画像,below_target,1,389,110,10,5,1,5,3,2
val,COL09,白いトラックがいる画像,targets_met,86,295,119,10,5,10,5,3,2
val,COL10,黒いトラックがいる画像,below_target,6,359,135,10,5,6,5,3,2
val,COL11,赤いトラックがいる画像,targets_met,13,353,134,10,5,10,5,3,2
val,COL12,青いトラックがいる画像,below_target,7,359,134,10,5,7,5,3,2
val,COL13,白いバンがいる画像,targets_met,88,310,102,10,5,10,5,3,2
val,COL14,黒いバンがいる画像,below_target,7,380,113,10,5,7,5,3,2
val,COL15,赤いバンがいる画像,below_target,6,380,114,10,5,6,5,3,2
val,COL16,青いバンがいる画像,below_target,3,383,114,10,5,3,5,3,2
val,COL17,白い自転車がいる画像,no_positive,0,375,125,10,5,0,0,0,0
val,COL18,黒い自転車がいる画像,no_positive,0,375,125,10,5,0,0,0,0
val,COL19,赤い自転車がいる画像,below_target,2,373,125,10,5,2,5,3,2
val,COL20,青い自転車がいる画像,no_positive,0,375,125,10,5,0,0,0,0
val,COL21,白いバイクがいる画像,no_positive,0,394,106,10,5,0,0,0,0
val,COL22,黒いバイクがいる画像,below_target,1,393,106,10,5,1,5,3,2
val,COL23,赤いバイクがいる画像,below_target,2,393,105,10,5,2,5,3,2
val,COL24,青いバイクがいる画像,no_positive,0,394,106,10,5,0,0,0,0
val,D01,逆走している自転車,deferred_temporal,0,0,500,0,0,0,0,0,0
val,D02,車両の陰から歩行者が飛び出す場面,deferred_temporal,0,0,500,0,0,0,0,0,0
val,D03,歩行者が急に車道を横断する場面,deferred_temporal,0,0,500,0,0,0,0,0,0
val,D04,前方の車が急停止する場面,deferred_temporal,0,0,500,0,0,0,0,0,0
val,D05,自車に車両が急接近する場面,deferred_temporal,0,0,500,0,0,0,0,0,0
val,D06,車が信号を無視して進む場面,deferred_temporal,0,0,500,0,0,0,0,0,0
val,ENV01,昼の道路の画像,targets_met,347,152,1,10,5,10,5,0,5
val,ENV02,夜の道路の画像,targets_met,146,354,0,10,5,10,5,0,5
val,ENV03,薄明の道路の画像,targets_met,12,480,8,10,5,10,5,3,2
val,ENV04,晴れた道路の画像,targets_met,212,93,195,10,5,10,5,0,5
val,ENV05,曇りの道路の画像,targets_met,91,229,180,10,5,10,5,1,4
val,ENV06,雨が降っている道路の画像,targets_met,20,459,21,10,5,10,5,3,2
val,ENV07,雪が降っている道路の画像,below_target,2,485,13,10,5,2,5,3,2
val,ENV08,霧のある道路の画像,below_target,4,451,45,10,5,4,5,3,2
val,H01,夜の画面左に自転車がいる画像,excluded_heldout,3,430,67,0,0,0,0,0,0
val,H02,薄明の画面右にバイクがいる画像,excluded_heldout,0,496,4,0,0,0,0,0,0
val,H03,霧のある道路の歩道上に歩行者がいる画像,excluded_heldout,0,458,42,0,0,0,0,0,0
val,H04,道路の工事区間と画面右の自転車が見える画像,excluded_heldout,0,478,22,0,0,0,0,0,0
val,H05,路面に雪があり画面左に歩行者がいる画像,excluded_heldout,3,489,8,0,0,0,0,0,0
val,H06,路面が濡れていて画面中央にバイクがいる画像,excluded_heldout,0,464,36,0,0,0,0,0,0
val,H07,赤信号と自車と同じ車線の車が見える画像,excluded_heldout,35,392,73,0,0,0,0,0,0
val,H08,画面右に青い車がいる画像,excluded_heldout,8,247,245,0,0,0,0,0,0
val,H09,画面中央に黒いバスがいる画像,excluded_heldout,0,407,93,0,0,0,0,0,0
val,H10,画面左に赤いトラックがいる画像,excluded_heldout,6,394,100,0,0,0,0,0,0
val,H11,画面右に青いバンがいる画像,excluded_heldout,0,402,98,0,0,0,0,0,0
val,H12,画面中央に白い自転車がいる画像,excluded_heldout,0,401,99,0,0,0,0,0,0
val,H13,画面中央に赤いバイクがいる画像,excluded_heldout,0,404,96,0,0,0,0,0,0
val,H14,画面左に後ろ姿が見えるバスがいる画像,excluded_heldout,9,410,81,0,0,0,0,0,0
val,H15,赤い車と画面右の自転車がいる画像,excluded_heldout,4,409,87,0,0,0,0,0,0
val,H16,白いバスと画面左の歩行者がいる画像,excluded_heldout,3,411,86,0,0,0,0,0,0
val,H17,青いトラックと画面右のバイクがいる画像,excluded_heldout,0,418,82,0,0,0,0,0,0
val,H18,黒いバンと画面左の自転車がいる画像,excluded_heldout,0,416,84,0,0,0,0,0,0
val,H19,赤い自転車と画面右の歩行者がいる画像,excluded_heldout,1,396,103,0,0,0,0,0,0
val,H20,白いバイクと画面中央の車がいる画像,excluded_heldout,0,409,91,0,0,0,0,0,0
val,LOC01,自車と同じ車線に車がいる画像,targets_met,255,98,147,10,5,10,5,3,2
val,LOC02,自車の左隣の車線に車がいる画像,targets_met,135,146,219,10,5,10,5,3,2
val,LOC03,自車の右隣の車線に車がいる画像,targets_met,153,148,199,10,5,10,5,3,2
val,LOC04,対向車線に車がいる画像,targets_met,107,169,224,10,5,10,5,3,2
val,LOC05,自車と同じ車線にバスがいる画像,targets_met,21,392,87,10,5,10,5,3,2
val,LOC06,自車の左隣の車線にバスがいる画像,below_target,8,406,86,10,5,8,5,3,2
val,LOC07,自車の右隣の車線にバスがいる画像,targets_met,13,400,87,10,5,10,5,3,2
val,LOC08,対向車線にバスがいる画像,below_target,2,411,87,10,5,2,5,3,2
val,LOC09,自車と同じ車線にトラックがいる画像,targets_met,39,354,107,10,5,10,5,3,2
val,LOC10,自車の左隣の車線にトラックがいる画像,targets_met,26,365,109,10,5,10,5,3,2
val,LOC11,自車の右隣の車線にトラックがいる画像,targets_met,43,352,105,10,5,10,5,3,2
val,LOC12,対向車線にトラックがいる画像,targets_met,15,377,108,10,5,10,5,3,2
val,LOC13,自車と同じ車線にバンがいる画像,targets_met,37,365,98,10,5,10,5,3,2
val,LOC14,自車の左隣の車線にバンがいる画像,targets_met,21,377,102,10,5,10,5,3,2
val,LOC15,自車の右隣の車線にバンがいる画像,targets_met,29,373,98,10,5,10,5,3,2
val,LOC16,対向車線にバンがいる画像,targets_met,12,387,101,10,5,10,5,3,2
val,LOC17,自車と同じ車線に自転車がいる画像,below_target,8,391,101,10,5,8,5,3,2
val,LOC18,自車の左隣の車線に自転車がいる画像,below_target,5,394,101,10,5,5,5,3,2
val,LOC19,自車の右隣の車線に自転車がいる画像,below_target,8,392,100,10,5,8,5,3,2
val,LOC20,対向車線に自転車がいる画像,no_positive,0,399,101,10,5,0,0,0,0
val,LOC21,自車と同じ車線にバイクがいる画像,targets_met,11,401,88,10,5,10,5,3,2
val,LOC22,自車の左隣の車線にバイクがいる画像,below_target,3,409,88,10,5,3,5,3,2
val,LOC23,自車の右隣の車線にバイクがいる画像,below_target,3,409,88,10,5,3,5,3,2
val,LOC24,対向車線にバイクがいる画像,below_target,4,408,88,10,5,4,5,3,2
val,LOC25,歩道上に歩行者がいる画像,targets_met,115,309,76,10,5,10,5,3,2
val,LOC26,横断歩道上に歩行者がいる画像,targets_met,31,367,102,10,5,10,5,3,2
val,LOC27,車道上に歩行者がいる画像,targets_met,74,332,94,10,5,10,5,3,2
val,OBJ01,車がいる画像,targets_met,473,23,4,10,5,10,5,0,5
val,OBJ02,バスがいる画像,targets_met,57,363,80,10,5,10,5,0,5
val,OBJ03,トラックがいる画像,targets_met,153,279,68,10,5,10,5,0,5
val,OBJ04,バンがいる画像,targets_met,127,299,74,10,5,10,5,3,2
val,OBJ05,歩行者がいる画像,targets_met,158,272,70,10,5,10,5,1,4
val,OBJ06,自転車がいる画像,targets_met,46,373,81,10,5,10,5,3,2
val,OBJ07,バイクがいる画像,targets_met,24,392,84,10,5,10,5,3,2
val,ORI01,こちらに正面を向けた車がいる画像,targets_met,165,203,132,10,5,10,5,3,2
val,ORI02,後ろ姿が見える車がいる画像,targets_met,407,76,17,10,5,10,5,1,4
val,ORI03,こちらに正面を向けたバスがいる画像,below_target,3,416,81,10,5,3,5,3,2
val,ORI04,後ろ姿が見えるバスがいる画像,targets_met,36,384,80,10,5,10,5,3,2
val,ORI05,こちらに正面を向けたトラックがいる画像,targets_met,22,395,83,10,5,10,5,3,2
val,ORI06,後ろ姿が見えるトラックがいる画像,targets_met,94,330,76,10,5,10,5,3,2
val,ORI07,こちらに正面を向けたバンがいる画像,targets_met,16,394,90,10,5,10,5,3,2
val,ORI08,後ろ姿が見えるバンがいる画像,targets_met,91,328,81,10,5,10,5,3,2
val,ORI09,こちらに正面を向けた自転車がいる画像,below_target,6,409,85,10,5,6,5,3,2
val,ORI10,後ろ姿が見える自転車がいる画像,targets_met,20,397,83,10,5,10,5,3,2
val,ORI11,こちらに正面を向けたバイクがいる画像,below_target,4,411,85,10,5,4,5,3,2
val,ORI12,後ろ姿が見えるバイクがいる画像,targets_met,15,400,85,10,5,10,5,3,2
val,POS01,画面左に車がいる画像,targets_met,304,135,61,10,5,10,5,3,2
val,POS02,画面中央に車がいる画像,targets_met,378,96,26,10,5,10,5,3,2
val,POS03,画面右に車がいる画像,targets_met,218,184,98,10,5,10,5,3,2
val,POS04,画面左にバスがいる画像,targets_met,18,402,80,10,5,10,5,3,2
val,POS05,画面中央にバスがいる画像,targets_met,27,393,80,10,5,10,5,3,2
val,POS06,画面右にバスがいる画像,targets_met,17,402,81,10,5,10,5,3,2
val,POS07,画面左にトラックがいる画像,targets_met,54,369,77,10,5,10,5,3,2
val,POS08,画面中央にトラックがいる画像,targets_met,87,335,78,10,5,10,5,3,2
val,POS09,画面右にトラックがいる画像,targets_met,41,379,80,10,5,10,5,3,2
val,POS10,画面左にバンがいる画像,targets_met,40,370,90,10,5,10,5,3,2
val,POS11,画面中央にバンがいる画像,targets_met,62,350,88,10,5,10,5,3,2
val,POS12,画面右にバンがいる画像,targets_met,32,382,86,10,5,10,5,3,2
val,POS13,画面左に歩行者がいる画像,targets_met,53,352,95,10,5,10,5,3,2
val,POS14,画面中央に歩行者がいる画像,targets_met,95,320,85,10,5,10,5,3,2
val,POS15,画面右に歩行者がいる画像,targets_met,69,339,92,10,5,10,5,3,2
val,POS16,画面左に自転車がいる画像,targets_met,15,403,82,10,5,10,5,3,2
val,POS17,画面中央に自転車がいる画像,targets_met,16,401,83,10,5,10,5,3,2
val,POS18,画面右に自転車がいる画像,targets_met,17,400,83,10,5,10,5,3,2
val,POS19,画面左にバイクがいる画像,targets_met,11,404,85,10,5,10,5,3,2
val,POS20,画面中央にバイクがいる画像,targets_met,12,404,84,10,5,10,5,3,2
val,POS21,画面右にバイクがいる画像,below_target,4,412,84,10,5,4,5,3,2
val,R01,緊急車両がいる画像,targets_met,5,420,75,5,5,5,5,3,2
val,R02,列車が見える画像,below_target,2,415,83,5,5,2,5,3,2
val,R03,動物がいる画像,no_positive,0,416,84,5,5,0,0,0,0
val,ROAD01,市街地の道路の画像,targets_met,337,133,30,10,5,10,5,0,5
val,ROAD02,住宅街の道路の画像,targets_met,49,374,77,10,5,10,5,0,5
val,ROAD03,高速道路の画像,targets_met,59,430,11,10,5,10,5,3,2
val,ROAD04,田舎道の画像,below_target,9,479,12,10,5,9,5,3,2
val,ROAD05,トンネル内の画像,below_target,8,488,4,10,5,8,5,3,2
val,ROAD06,橋の上の道路の画像,targets_met,60,336,104,10,5,10,5,0,5
val,ROAD07,交差点が見える画像,targets_met,205,236,59,10,5,10,5,0,5
val,ROAD08,横断歩道が見える画像,targets_met,127,353,20,10,5,10,5,3,2
val,ROAD09,道路の工事区間が見える画像,targets_met,27,457,16,10,5,10,5,3,2
val,ROAD10,赤信号が見える画像,targets_met,98,365,37,10,5,10,5,3,2
val,ROAD11,青信号が見える画像,targets_met,155,306,39,10,5,10,5,3,2
val,ROAD12,黄信号が見える画像,targets_met,14,449,37,10,5,10,5,3,2
val,ROAD13,路面が濡れている画像,targets_met,76,406,18,10,5,10,5,0,5
val,ROAD14,路面に雪がある画像,targets_met,40,458,2,10,5,10,5,2,3
val,ROAD15,道路がカーブしている画像,targets_met,39,366,95,10,5,10,5,3,2
val,ROAD16,坂道の画像,below_target,5,341,154,10,5,5,5,3,2
val,X01,トラックより画面上で左に歩行者がいる画像,targets_met,30,384,86,5,5,5,5,3,2
val,X02,車がちょうど2台見える画像,targets_met,58,399,43,5,5,5,5,3,2
val,X03,歩行者が写っていない画像,targets_met,272,158,70,5,5,5,5,3,2
val,X04,バスまたはトラックがいる画像,targets_met,192,244,64,5,5,5,5,2,3
