condition_id,category,use,query,train_positive_target,val_positive_target,test_positive_target,train_negative_target,val_negative_target,test_negative_target
COL25,basic,train_val_test,黄色い車がいる画像,50,10,20,20,5,10
COL26,basic,train_val_test,黄色いバスがいる画像,50,10,20,20,5,10
COL27,basic,train_val_test,黄色いトラックがいる画像,50,10,20,20,5,10
COL28,basic,train_val_test,黄色いバンがいる画像,50,10,20,20,5,10
COL29,basic,train_val_test,緑色の車がいる画像,50,10,20,20,5,10
COL30,basic,train_val_test,緑色のバスがいる画像,50,10,20,20,5,10
COL31,basic,train_val_test,緑色のトラックがいる画像,50,10,20,20,5,10
COL32,composite,train_val_test,市街地に黄色い車がいる画像,20,5,10,20,5,10
COL33,composite,train_val_test,画面左に黄色い車がいる画像,20,5,10,20,5,10
PRK01,basic,train_val_test,駐車している車がいる画像,50,10,20,20,5,10
PRK02,basic,train_val_test,駐車しているバンがいる画像,50,10,20,20,5,10
PRK03,basic,train_val_test,駐車しているトラックがいる画像,50,10,20,20,5,10
PRK04,basic,train_val_test,駐車しているバイクがいる画像,50,10,20,20,5,10
PRK05,basic,train_val_test,駐車している自転車がある画像,50,10,20,20,5,10
PRK06,composite,train_val_test,画面左に駐車している車がいる画像,20,5,10,20,5,10
PRK07,composite,train_val_test,画面右に駐車している車がいる画像,20,5,10,20,5,10
PRK08,composite,train_val_test,駐車している白い車がいる画像,20,5,10,20,5,10
PRK09,composite,train_val_test,駐車している黒い車がいる画像,20,5,10,20,5,10
PRK10,composite,train_val_test,夜に駐車している車がいる画像,20,5,10,20,5,10
PRK11,composite,train_val_test,住宅街に駐車している車がいる画像,20,5,10,20,5,10
PRK12,composite,train_val_test,市街地に駐車している車がいる画像,20,5,10,20,5,10
PRK13,composite,train_val_test,駐車している車と歩行者がいる画像,20,5,10,20,5,10
H21,heldout,test_only,駐車している黄色い車がいる画像,0,0,20,0,0,10
H22,heldout,test_only,夜に駐車しているバンがいる画像,0,0,20,0,0,10
H23,heldout,test_only,画面右に黄色いバスがいる画像,0,0,20,0,0,10
